turtle_id,path
0000,/Volumes/T7/turtles/Gresham/Kelly Creek Fish Pond
0001,/Volumes/T7/turtles/Gresham/No Number 1
0002,/Volumes/T7/turtles/Gresham/No Number 2
0003,/Volumes/T7/turtles/Gresham/No Number 3
0004,/Volumes/T7/turtles/Gresham/No Number 4
0005,/Volumes/T7/turtles/Gresham/No Number 5
0006,/Volumes/T7/turtles/Gresham/RES 09-01
0007,/Volumes/T7/turtles/Gresham/RES 09-02
0008,/Volumes/T7/turtles/Gresham/RES 11-01
0009,/Volumes/T7/turtles/Gresham/RES 14-01
0010,/Volumes/T7/turtles/Gresham/RES 14-02
0011,"/Volumes/T7/turtles/Gresham/RM4, LM1"
0012,/Volumes/T7/turtles/Gresham/SRD Turtles
0013,/Volumes/T7/turtles/Gresham/Turtle Pics # 3293 - T-93
0014,/Volumes/T7/turtles/Gresham/Turtle Pics #100 - Binford Lake
0015,/Volumes/T7/turtles/Gresham/Turtle Pics #3200
0016,/Volumes/T7/turtles/Gresham/Turtle Pics #3202
0017,/Volumes/T7/turtles/Gresham/Turtle Pics #3203
0018,/Volumes/T7/turtles/Gresham/Turtle Pics #3204
0019,/Volumes/T7/turtles/Gresham/Turtle Pics #3205
0020,/Volumes/T7/turtles/Gresham/Turtle Pics #3206
0021,/Volumes/T7/turtles/Gresham/Turtle Pics #3207
0022,/Volumes/T7/turtles/Gresham/Turtle Pics #3208
0023,/Volumes/T7/turtles/Gresham/Turtle Pics #3209
0024,/Volumes/T7/turtles/Gresham/Turtle Pics #3210
0025,/Volumes/T7/turtles/Gresham/Turtle Pics #3211
0026,/Volumes/T7/turtles/Gresham/Turtle Pics #3212
0027,/Volumes/T7/turtles/Gresham/Turtle Pics #3213
0028,/Volumes/T7/turtles/Gresham/Turtle Pics #3214
0029,/Volumes/T7/turtles/Gresham/Turtle Pics #3215
0030,/Volumes/T7/turtles/Gresham/Turtle Pics #3216
0031,/Volumes/T7/turtles/Gresham/Turtle Pics #3217
0032,/Volumes/T7/turtles/Gresham/Turtle Pics #3218
0033,/Volumes/T7/turtles/Gresham/Turtle Pics #3219
0034,/Volumes/T7/turtles/Gresham/Turtle Pics #3220
0035,/Volumes/T7/turtles/Gresham/Turtle Pics #3221
0036,/Volumes/T7/turtles/Gresham/Turtle Pics #3222
0037,/Volumes/T7/turtles/Gresham/Turtle Pics #3223
0038,/Volumes/T7/turtles/Gresham/Turtle Pics #3224
0039,/Volumes/T7/turtles/Gresham/Turtle Pics #3225
0040,/Volumes/T7/turtles/Gresham/Turtle Pics #3226
0041,/Volumes/T7/turtles/Gresham/Turtle Pics #3227
0042,/Volumes/T7/turtles/Gresham/Turtle Pics #3228
0043,/Volumes/T7/turtles/Gresham/Turtle Pics #3230
0044,/Volumes/T7/turtles/Gresham/Turtle Pics #3231
0045,/Volumes/T7/turtles/Gresham/Turtle Pics #3232 notched as 3233
0046,/Volumes/T7/turtles/Gresham/Turtle Pics #3233
0047,/Volumes/T7/turtles/Gresham/Turtle Pics #3234
0048,/Volumes/T7/turtles/Gresham/Turtle Pics #3235
0049,/Volumes/T7/turtles/Gresham/Turtle Pics #3236
0050,/Volumes/T7/turtles/Gresham/Turtle Pics #3237
0051,/Volumes/T7/turtles/Gresham/Turtle Pics #3238
0052,/Volumes/T7/turtles/Gresham/Turtle Pics #3238b
0053,/Volumes/T7/turtles/Gresham/Turtle Pics #3239
0054,/Volumes/T7/turtles/Gresham/Turtle Pics #3240
0055,/Volumes/T7/turtles/Gresham/Turtle Pics #3240b
0056,/Volumes/T7/turtles/Gresham/Turtle Pics #3241
0057,/Volumes/T7/turtles/Gresham/Turtle Pics #3242
0058,/Volumes/T7/turtles/Gresham/Turtle Pics #3243
0059,/Volumes/T7/turtles/Gresham/Turtle Pics #3244
0060,/Volumes/T7/turtles/Gresham/Turtle Pics #3245
0061,/Volumes/T7/turtles/Gresham/Turtle Pics #3246
0062,/Volumes/T7/turtles/Gresham/Turtle Pics #3247
0063,/Volumes/T7/turtles/Gresham/Turtle Pics #3248
0064,/Volumes/T7/turtles/Gresham/Turtle Pics #3249
0065,/Volumes/T7/turtles/Gresham/Turtle Pics #3250
0066,/Volumes/T7/turtles/Gresham/Turtle Pics #3251
0067,/Volumes/T7/turtles/Gresham/Turtle Pics #3252
0068,/Volumes/T7/turtles/Gresham/Turtle Pics #3253
0069,/Volumes/T7/turtles/Gresham/Turtle Pics #3254
0070,/Volumes/T7/turtles/Gresham/Turtle Pics #3255
0071,/Volumes/T7/turtles/Gresham/Turtle Pics #3256
0072,/Volumes/T7/turtles/Gresham/Turtle Pics #3257
0073,/Volumes/T7/turtles/Gresham/Turtle Pics #3258
0074,/Volumes/T7/turtles/Gresham/Turtle Pics #3259
0075,/Volumes/T7/turtles/Gresham/Turtle Pics #3260
0076,/Volumes/T7/turtles/Gresham/Turtle Pics #3261
0077,/Volumes/T7/turtles/Gresham/Turtle Pics #3262
0078,/Volumes/T7/turtles/Gresham/Turtle Pics #3263
0079,/Volumes/T7/turtles/Gresham/Turtle Pics #3264 - 1
0080,/Volumes/T7/turtles/Gresham/Turtle Pics #3264 - 2
0081,/Volumes/T7/turtles/Gresham/Turtle Pics #3265
0082,/Volumes/T7/turtles/Gresham/Turtle Pics #3266
0083,/Volumes/T7/turtles/Gresham/Turtle Pics #3267
0084,/Volumes/T7/turtles/Gresham/Turtle Pics #3268
0085,/Volumes/T7/turtles/Gresham/Turtle Pics #3269
0086,/Volumes/T7/turtles/Gresham/Turtle Pics #3270
0087,/Volumes/T7/turtles/Gresham/Turtle Pics #3271
0088,/Volumes/T7/turtles/Gresham/Turtle Pics #3272
0089,/Volumes/T7/turtles/Gresham/Turtle Pics #3273
0090,/Volumes/T7/turtles/Gresham/Turtle Pics #3274
0091,/Volumes/T7/turtles/Gresham/Turtle Pics #3275
0092,/Volumes/T7/turtles/Gresham/Turtle Pics #3276
0093,/Volumes/T7/turtles/Gresham/Turtle Pics #3277
0094,/Volumes/T7/turtles/Gresham/Turtle Pics #3278
0095,/Volumes/T7/turtles/Gresham/Turtle Pics #3279
0096,/Volumes/T7/turtles/Gresham/Turtle Pics #3280a
0097,/Volumes/T7/turtles/Gresham/Turtle Pics #3280b
0098,/Volumes/T7/turtles/Gresham/Turtle Pics #3281-T-81
0099,/Volumes/T7/turtles/Gresham/Turtle Pics #3283 - T-83
0100,/Volumes/T7/turtles/Gresham/Turtle Pics #3284 - T-84
0101,/Volumes/T7/turtles/Gresham/Turtle Pics #3285 - T-85
0102,/Volumes/T7/turtles/Gresham/Turtle Pics #3286 - T-86
0103,/Volumes/T7/turtles/Gresham/Turtle Pics #3287 - T-87
0104,/Volumes/T7/turtles/Gresham/Turtle Pics #3288 - T-88
0105,/Volumes/T7/turtles/Gresham/Turtle Pics #3292 - T-92
0106,/Volumes/T7/turtles/Gresham/Turtle Pics #3295 - T-95
0107,/Volumes/T7/turtles/Gresham/Turtle Pics #3296 - not T96
0108,/Volumes/T7/turtles/Gresham/Turtle Pics #3300
0109,/Volumes/T7/turtles/Gresham/Turtle Pics #3301
0110,/Volumes/T7/turtles/Gresham/Turtle Pics #3302
0111,/Volumes/T7/turtles/Gresham/Turtle Pics #3303
0112,/Volumes/T7/turtles/Gresham/Turtle Pics #3304
0113,/Volumes/T7/turtles/Gresham/Turtle Pics #3305
0114,/Volumes/T7/turtles/Gresham/Turtle Pics #3306
0115,/Volumes/T7/turtles/Gresham/Turtle Pics #3307
0116,/Volumes/T7/turtles/Gresham/Turtle Pics #3308
0117,/Volumes/T7/turtles/Gresham/Turtle Pics #3309
0118,/Volumes/T7/turtles/Gresham/Turtle Pics #3310
0119,/Volumes/T7/turtles/Gresham/Turtle Pics #3311
0120,/Volumes/T7/turtles/Gresham/Turtle Pics #3312
0121,/Volumes/T7/turtles/Gresham/Turtle Pics #3313
0122,/Volumes/T7/turtles/Gresham/Turtle Pics #3314
0123,/Volumes/T7/turtles/Gresham/Turtle Pics #3315
0124,/Volumes/T7/turtles/Gresham/Turtle Pics #3316
0125,/Volumes/T7/turtles/Gresham/Turtle Pics #3317
0126,/Volumes/T7/turtles/Gresham/Turtle Pics #3318
0127,/Volumes/T7/turtles/Gresham/Turtle Pics #3319
0128,/Volumes/T7/turtles/Gresham/Turtle Pics #3320 - Female
0129,/Volumes/T7/turtles/Gresham/Turtle Pics #3321
0130,/Volumes/T7/turtles/Gresham/Turtle Pics #3322
0131,/Volumes/T7/turtles/Gresham/Turtle Pics #3323
0132,/Volumes/T7/turtles/Gresham/Turtle Pics #3324
0133,/Volumes/T7/turtles/Gresham/Turtle Pics #3325
0134,/Volumes/T7/turtles/Gresham/Turtle Pics #3326
0135,/Volumes/T7/turtles/Gresham/Turtle Pics #3327
0136,/Volumes/T7/turtles/Gresham/Turtle Pics #3328
0137,/Volumes/T7/turtles/Gresham/Turtle Pics #3329
0138,/Volumes/T7/turtles/Gresham/Turtle Pics #3330
0139,/Volumes/T7/turtles/Gresham/Turtle Pics #3331
0140,/Volumes/T7/turtles/Gresham/Turtle Pics #3332
0141,/Volumes/T7/turtles/Gresham/Turtle Pics #3333
0142,/Volumes/T7/turtles/Gresham/Turtle Pics #3334
0143,/Volumes/T7/turtles/Gresham/Turtle Pics #3335
0144,/Volumes/T7/turtles/Gresham/Turtle Pics #3336
0145,/Volumes/T7/turtles/Gresham/Turtle Pics #3337
0146,/Volumes/T7/turtles/Gresham/Turtle Pics #3338
0147,/Volumes/T7/turtles/Gresham/Turtle Pics #3339
0148,/Volumes/T7/turtles/Gresham/Turtle Pics #3340
0149,/Volumes/T7/turtles/Gresham/Turtle Pics #3341
0150,/Volumes/T7/turtles/Gresham/Turtle Pics #3342
0151,/Volumes/T7/turtles/Gresham/Turtle Pics #3343
0152,/Volumes/T7/turtles/Gresham/Turtle Pics #3345
0153,/Volumes/T7/turtles/Gresham/Turtle Pics #3346
0154,/Volumes/T7/turtles/Gresham/Turtle Pics #3347
0155,/Volumes/T7/turtles/Gresham/Turtle Pics #3348
0156,/Volumes/T7/turtles/Gresham/Turtle Pics #3349
0157,/Volumes/T7/turtles/Gresham/Turtle Pics #3350
0158,/Volumes/T7/turtles/Gresham/Turtle Pics #3351
0159,/Volumes/T7/turtles/Gresham/Turtle Pics #3352
0160,/Volumes/T7/turtles/Gresham/Turtle Pics #3353
0161,/Volumes/T7/turtles/Gresham/Turtle Pics #3354
0162,/Volumes/T7/turtles/Gresham/Turtle Pics #3355
0163,/Volumes/T7/turtles/Gresham/Turtle Pics #3356
0164,/Volumes/T7/turtles/Gresham/Turtle Pics #3357
0165,/Volumes/T7/turtles/Gresham/Turtle Pics #3358
0166,/Volumes/T7/turtles/Gresham/Turtle Pics #3359
0167,/Volumes/T7/turtles/Gresham/Turtle Pics #3360
0168,/Volumes/T7/turtles/Gresham/Turtle Pics #3361
0169,/Volumes/T7/turtles/Gresham/Turtle Pics #3362
0170,/Volumes/T7/turtles/Gresham/Turtle Pics #3363
0171,/Volumes/T7/turtles/Gresham/Turtle Pics #3364
0172,/Volumes/T7/turtles/Gresham/Turtle Pics #3365
0173,/Volumes/T7/turtles/Gresham/Turtle Pics #3366
0174,/Volumes/T7/turtles/Gresham/Turtle Pics #3367
0175,/Volumes/T7/turtles/Gresham/Turtle Pics #3368
0176,/Volumes/T7/turtles/Gresham/Turtle Pics #3369
0177,/Volumes/T7/turtles/Gresham/Turtle Pics #3370
0178,/Volumes/T7/turtles/Gresham/Turtle Pics #3371
0179,/Volumes/T7/turtles/Gresham/Turtle Pics #3372
0180,/Volumes/T7/turtles/Gresham/Turtle Pics #3373
0181,/Volumes/T7/turtles/Gresham/Turtle Pics #3374
0182,/Volumes/T7/turtles/Gresham/Turtle Pics #3375
0183,/Volumes/T7/turtles/Gresham/Turtle Pics #3376
0184,/Volumes/T7/turtles/Gresham/Turtle Pics #3377
0185,/Volumes/T7/turtles/Gresham/Turtle Pics #3378
0186,/Volumes/T7/turtles/Gresham/Turtle Pics #3379
0187,/Volumes/T7/turtles/Gresham/Turtle Pics #3380
0188,/Volumes/T7/turtles/Gresham/Turtle Pics #3381
0189,/Volumes/T7/turtles/Gresham/Turtle Pics #3382
0190,/Volumes/T7/turtles/Gresham/Turtle Pics #3383
0191,/Volumes/T7/turtles/Gresham/Turtle Pics #3384
0192,/Volumes/T7/turtles/Gresham/Turtle Pics #3385
0193,/Volumes/T7/turtles/Gresham/Turtle Pics #3386
0194,/Volumes/T7/turtles/Gresham/Turtle Pics #3391 - T91
0195,/Volumes/T7/turtles/Gresham/Turtle Pics #3392
0196,/Volumes/T7/turtles/Gresham/Turtle Pics #3393
0197,/Volumes/T7/turtles/Gresham/Turtle Pics #3394
0198,/Volumes/T7/turtles/Gresham/Turtle Pics #3395
0199,/Volumes/T7/turtles/Gresham/Turtle Pics #3396
0200,/Volumes/T7/turtles/Gresham/Turtle Pics #3397
0201,/Volumes/T7/turtles/Gresham/Turtle Pics #3398
0202,/Volumes/T7/turtles/Gresham/Turtle Pics #3399
0203,/Volumes/T7/turtles/Gresham/Turtle Pics #3400
0204,/Volumes/T7/turtles/Gresham/Turtle Pics #3401
0205,/Volumes/T7/turtles/Gresham/Turtle Pics #3402
0206,/Volumes/T7/turtles/Gresham/Turtle Pics #3403
0207,/Volumes/T7/turtles/Gresham/Turtle Pics #3404
0208,/Volumes/T7/turtles/Gresham/Turtle Pics #3405
0209,/Volumes/T7/turtles/Gresham/Turtle Pics #3406
0210,/Volumes/T7/turtles/Gresham/Turtle Pics #3407
0211,/Volumes/T7/turtles/Gresham/Turtle Pics #3408
0212,/Volumes/T7/turtles/Gresham/Turtle Pics #3409
0213,/Volumes/T7/turtles/Gresham/Turtle Pics #3410
0214,/Volumes/T7/turtles/Gresham/Turtle Pics #3411
0215,/Volumes/T7/turtles/Gresham/Turtle Pics #3412
0216,/Volumes/T7/turtles/Gresham/Turtle Pics #3413
0217,/Volumes/T7/turtles/Gresham/Turtle Pics #3415
0218,/Volumes/T7/turtles/Gresham/Turtle Pics #3416
0219,/Volumes/T7/turtles/Gresham/Turtle Pics #3417
0220,/Volumes/T7/turtles/Gresham/Turtle Pics #3418
0221,/Volumes/T7/turtles/Gresham/Turtle Pics #3419
0222,/Volumes/T7/turtles/Gresham/Turtle Pics #3420
0223,/Volumes/T7/turtles/Gresham/Turtle Pics #3421
0224,/Volumes/T7/turtles/Gresham/Turtle Pics #3422
0225,/Volumes/T7/turtles/Gresham/Turtle Pics #3423
0226,/Volumes/T7/turtles/Gresham/Turtle Pics #3424
0227,/Volumes/T7/turtles/Gresham/Turtle Pics #3425
0228,/Volumes/T7/turtles/Gresham/Turtle Pics #3426
0229,/Volumes/T7/turtles/Gresham/Turtle Pics #3427
0230,/Volumes/T7/turtles/Gresham/Turtle Pics #3428
0231,/Volumes/T7/turtles/Gresham/Turtle Pics #3429
0232,/Volumes/T7/turtles/Gresham/Turtle Pics #3430
0233,/Volumes/T7/turtles/Gresham/Turtle Pics #3431
0234,/Volumes/T7/turtles/Gresham/Turtle Pics #3432
0235,/Volumes/T7/turtles/Gresham/Turtle Pics #3433
0236,/Volumes/T7/turtles/Gresham/Turtle Pics #3434
0237,/Volumes/T7/turtles/Gresham/Turtle Pics #3435
0238,/Volumes/T7/turtles/Gresham/Turtle Pics #3436
0239,/Volumes/T7/turtles/Gresham/Turtle Pics #3437
0240,/Volumes/T7/turtles/Gresham/Turtle Pics #3438
0241,/Volumes/T7/turtles/Gresham/Turtle Pics #3439
0242,/Volumes/T7/turtles/Gresham/Turtle Pics #3440
0243,/Volumes/T7/turtles/Gresham/Turtle Pics #3441
0244,/Volumes/T7/turtles/Gresham/Turtle Pics #3442
0245,/Volumes/T7/turtles/Gresham/Turtle Pics #3443
0246,/Volumes/T7/turtles/Gresham/Turtle Pics #3444
0247,/Volumes/T7/turtles/Gresham/Turtle Pics #3445
0248,/Volumes/T7/turtles/Gresham/Turtle Pics #3446
0249,/Volumes/T7/turtles/Gresham/Turtle Pics #3447
0250,/Volumes/T7/turtles/Gresham/Turtle Pics #3448
0251,/Volumes/T7/turtles/Gresham/Turtle Pics #3449
0252,/Volumes/T7/turtles/Gresham/Turtle Pics #3450
0253,/Volumes/T7/turtles/Gresham/Turtle Pics #3451
0254,/Volumes/T7/turtles/Gresham/Turtle Pics #3452
0255,/Volumes/T7/turtles/Gresham/Turtle Pics #3453
0256,/Volumes/T7/turtles/Gresham/Turtle Pics #3454
0257,/Volumes/T7/turtles/Gresham/Turtle Pics #3455
0258,/Volumes/T7/turtles/Gresham/Turtle Pics #3456
0259,/Volumes/T7/turtles/Gresham/Turtle Pics #3457
0260,/Volumes/T7/turtles/Gresham/Turtle Pics #3458
0261,/Volumes/T7/turtles/Gresham/Turtle Pics #3459
0262,/Volumes/T7/turtles/Gresham/Turtle Pics #3460
0263,/Volumes/T7/turtles/Gresham/Turtle Pics #3461
0264,/Volumes/T7/turtles/Gresham/Turtle Pics #3462
0265,/Volumes/T7/turtles/Gresham/Turtle Pics Knobby
0266,/Volumes/T7/turtles/Gresham/Turtle Pics T-82
0267,/Volumes/T7/turtles/Gresham/Turtle Pics T-89
0268,/Volumes/T7/turtles/Gresham/Turtle Pics T-94
0269,/Volumes/T7/turtles/Gresham/Turtle Pics T-96
0270,/Volumes/T7/turtles/Gresham/Turtle Pics T-97
0271,/Volumes/T7/turtles/Gresham/Turtle Pics T-98
0272,/Volumes/T7/turtles/Gresham/Turtle Pics#3295F
0273,/Volumes/T7/turtles/Gresham/Turtle pics #3229
0274,/Volumes/T7/turtles/Portland/Mason Flats/TUrtle #2136
0275,/Volumes/T7/turtles/Portland/Mason Flats/Turtle #1615
0276,/Volumes/T7/turtles/Portland/Mason Flats/Turtle #1803
0277,/Volumes/T7/turtles/Portland/Mason Flats/Turtle #1812
0278,/Volumes/T7/turtles/Portland/Mason Flats/Turtle #1813
0279,/Volumes/T7/turtles/Portland/Mason Flats/Turtle #1846
0280,/Volumes/T7/turtles/Portland/Mason Flats/Turtle #2000
0281,/Volumes/T7/turtles/Portland/Mason Flats/Turtle #2001
0282,/Volumes/T7/turtles/Portland/Mason Flats/Turtle #2002
0283,/Volumes/T7/turtles/Portland/Mason Flats/Turtle #2003
0284,/Volumes/T7/turtles/Portland/Mason Flats/Turtle #2004
0285,/Volumes/T7/turtles/Portland/Mason Flats/Turtle #2005
0286,/Volumes/T7/turtles/Portland/Mason Flats/Turtle #2006
0287,/Volumes/T7/turtles/Portland/Mason Flats/Turtle #2007
0288,/Volumes/T7/turtles/Portland/Mason Flats/Turtle #2008
0289,/Volumes/T7/turtles/Portland/Mason Flats/Turtle #2009
0290,/Volumes/T7/turtles/Portland/Mason Flats/Turtle #2010
0291,/Volumes/T7/turtles/Portland/Mason Flats/Turtle #2011
0292,/Volumes/T7/turtles/Portland/Mason Flats/Turtle #2012
0293,/Volumes/T7/turtles/Portland/Mason Flats/Turtle #2013
0294,/Volumes/T7/turtles/Portland/Mason Flats/Turtle #2014
0295,/Volumes/T7/turtles/Portland/Mason Flats/Turtle #2015
0296,/Volumes/T7/turtles/Portland/Mason Flats/Turtle #2016
0297,/Volumes/T7/turtles/Portland/Mason Flats/Turtle #2017
0298,/Volumes/T7/turtles/Portland/Mason Flats/Turtle #2018
0299,/Volumes/T7/turtles/Portland/Mason Flats/Turtle #2019
0300,/Volumes/T7/turtles/Portland/Mason Flats/Turtle #2020
0301,/Volumes/T7/turtles/Portland/Mason Flats/Turtle #2021
0302,/Volumes/T7/turtles/Portland/Mason Flats/Turtle #2022
0303,/Volumes/T7/turtles/Portland/Mason Flats/Turtle #2023
0304,/Volumes/T7/turtles/Portland/Mason Flats/Turtle #2024
0305,/Volumes/T7/turtles/Portland/Mason Flats/Turtle #2025
0306,/Volumes/T7/turtles/Portland/Mason Flats/Turtle #2026
0307,/Volumes/T7/turtles/Portland/Mason Flats/Turtle #2027
0308,/Volumes/T7/turtles/Portland/Mason Flats/Turtle #2028
0309,/Volumes/T7/turtles/Portland/Mason Flats/Turtle #2029
0310,/Volumes/T7/turtles/Portland/Mason Flats/Turtle #2030
0311,/Volumes/T7/turtles/Portland/Mason Flats/Turtle #2031
0312,/Volumes/T7/turtles/Portland/Mason Flats/Turtle #2032
0313,/Volumes/T7/turtles/Portland/Mason Flats/Turtle #2033 - Large Female
0314,/Volumes/T7/turtles/Portland/Mason Flats/Turtle #2033a
0315,/Volumes/T7/turtles/Portland/Mason Flats/Turtle #2034
0316,/Volumes/T7/turtles/Portland/Mason Flats/Turtle #2035
0317,/Volumes/T7/turtles/Portland/Mason Flats/Turtle #2036
0318,/Volumes/T7/turtles/Portland/Mason Flats/Turtle #2037
0319,/Volumes/T7/turtles/Portland/Mason Flats/Turtle #2038
0320,/Volumes/T7/turtles/Portland/Mason Flats/Turtle #2039
0321,/Volumes/T7/turtles/Portland/Mason Flats/Turtle #2039b
0322,/Volumes/T7/turtles/Portland/Mason Flats/Turtle #2040
0323,/Volumes/T7/turtles/Portland/Mason Flats/Turtle #2041
0324,/Volumes/T7/turtles/Portland/Mason Flats/Turtle #2042
0325,/Volumes/T7/turtles/Portland/Mason Flats/Turtle #2043
0326,/Volumes/T7/turtles/Portland/Mason Flats/Turtle #2044
0327,/Volumes/T7/turtles/Portland/Mason Flats/Turtle #2045
0328,/Volumes/T7/turtles/Portland/Mason Flats/Turtle #2046
0329,/Volumes/T7/turtles/Portland/Mason Flats/Turtle #2047
0330,/Volumes/T7/turtles/Portland/Mason Flats/Turtle #2048
0331,/Volumes/T7/turtles/Portland/Mason Flats/Turtle #2049
0332,/Volumes/T7/turtles/Portland/Mason Flats/Turtle #2050
0333,/Volumes/T7/turtles/Portland/Mason Flats/Turtle #2051
0334,/Volumes/T7/turtles/Portland/Mason Flats/Turtle #2052
0335,/Volumes/T7/turtles/Portland/Mason Flats/Turtle #2053
0336,/Volumes/T7/turtles/Portland/Mason Flats/Turtle #2054
0337,/Volumes/T7/turtles/Portland/Mason Flats/Turtle #2055
0338,/Volumes/T7/turtles/Portland/Mason Flats/Turtle #2056
0339,/Volumes/T7/turtles/Portland/Mason Flats/Turtle #2057
0340,/Volumes/T7/turtles/Portland/Mason Flats/Turtle #2058
0341,/Volumes/T7/turtles/Portland/Mason Flats/Turtle #2059 - no pics
0342,/Volumes/T7/turtles/Portland/Mason Flats/Turtle #2060
0343,/Volumes/T7/turtles/Portland/Mason Flats/Turtle #2061
0344,/Volumes/T7/turtles/Portland/Mason Flats/Turtle #2062
0345,/Volumes/T7/turtles/Portland/Mason Flats/Turtle #2063
0346,/Volumes/T7/turtles/Portland/Mason Flats/Turtle #2064
0347,/Volumes/T7/turtles/Portland/Mason Flats/Turtle #2065
0348,/Volumes/T7/turtles/Portland/Mason Flats/Turtle #2066
0349,/Volumes/T7/turtles/Portland/Mason Flats/Turtle #2067
0350,/Volumes/T7/turtles/Portland/Mason Flats/Turtle #2068
0351,/Volumes/T7/turtles/Portland/Mason Flats/Turtle #2069
0352,/Volumes/T7/turtles/Portland/Mason Flats/Turtle #2070
0353,/Volumes/T7/turtles/Portland/Mason Flats/Turtle #2071
0354,/Volumes/T7/turtles/Portland/Mason Flats/Turtle #2072
0355,/Volumes/T7/turtles/Portland/Mason Flats/Turtle #2073
0356,/Volumes/T7/turtles/Portland/Mason Flats/Turtle #2074
0357,/Volumes/T7/turtles/Portland/Mason Flats/Turtle #2075
0358,/Volumes/T7/turtles/Portland/Mason Flats/Turtle #2076
0359,/Volumes/T7/turtles/Portland/Mason Flats/Turtle #2077
0360,/Volumes/T7/turtles/Portland/Mason Flats/Turtle #2078
0361,/Volumes/T7/turtles/Portland/Mason Flats/Turtle #2079
0362,/Volumes/T7/turtles/Portland/Mason Flats/Turtle #2080
0363,/Volumes/T7/turtles/Portland/Mason Flats/Turtle #2081
0364,/Volumes/T7/turtles/Portland/Mason Flats/Turtle #2082
0365,/Volumes/T7/turtles/Portland/Mason Flats/Turtle #2083
0366,/Volumes/T7/turtles/Portland/Mason Flats/Turtle #2084
0367,/Volumes/T7/turtles/Portland/Mason Flats/Turtle #2085
0368,/Volumes/T7/turtles/Portland/Mason Flats/Turtle #2086
0369,/Volumes/T7/turtles/Portland/Mason Flats/Turtle #2087
0370,/Volumes/T7/turtles/Portland/Mason Flats/Turtle #2088
0371,/Volumes/T7/turtles/Portland/Mason Flats/Turtle #2089
0372,/Volumes/T7/turtles/Portland/Mason Flats/Turtle #2090
0373,/Volumes/T7/turtles/Portland/Mason Flats/Turtle #2091
0374,/Volumes/T7/turtles/Portland/Mason Flats/Turtle #2092
0375,/Volumes/T7/turtles/Portland/Mason Flats/Turtle #2093
0376,/Volumes/T7/turtles/Portland/Mason Flats/Turtle #2094
0377,/Volumes/T7/turtles/Portland/Mason Flats/Turtle #2095
0378,/Volumes/T7/turtles/Portland/Mason Flats/Turtle #2096
0379,/Volumes/T7/turtles/Portland/Mason Flats/Turtle #2097
0380,/Volumes/T7/turtles/Portland/Mason Flats/Turtle #2098
0381,/Volumes/T7/turtles/Portland/Mason Flats/Turtle #2099
0382,/Volumes/T7/turtles/Portland/Mason Flats/Turtle #2100
0383,/Volumes/T7/turtles/Portland/Mason Flats/Turtle #2101
0384,/Volumes/T7/turtles/Portland/Mason Flats/Turtle #2102
0385,/Volumes/T7/turtles/Portland/Mason Flats/Turtle #2103
0386,/Volumes/T7/turtles/Portland/Mason Flats/Turtle #2104
0387,/Volumes/T7/turtles/Portland/Mason Flats/Turtle #2105
0388,/Volumes/T7/turtles/Portland/Mason Flats/Turtle #2106
0389,/Volumes/T7/turtles/Portland/Mason Flats/Turtle #2107
0390,/Volumes/T7/turtles/Portland/Mason Flats/Turtle #2112
0391,/Volumes/T7/turtles/Portland/Mason Flats/Turtle #2113
0392,/Volumes/T7/turtles/Portland/Mason Flats/Turtle #2114
0393,/Volumes/T7/turtles/Portland/Mason Flats/Turtle #2115
0394,/Volumes/T7/turtles/Portland/Mason Flats/Turtle #2116
0395,/Volumes/T7/turtles/Portland/Mason Flats/Turtle #2117
0396,/Volumes/T7/turtles/Portland/Mason Flats/Turtle #2118
0397,/Volumes/T7/turtles/Portland/Mason Flats/Turtle #2119
0398,/Volumes/T7/turtles/Portland/Mason Flats/Turtle #2120
0399,/Volumes/T7/turtles/Portland/Mason Flats/Turtle #2121
0400,/Volumes/T7/turtles/Portland/Mason Flats/Turtle #2121b
0401,/Volumes/T7/turtles/Portland/Mason Flats/Turtle #2122
0402,/Volumes/T7/turtles/Portland/Mason Flats/Turtle #2122b
0403,/Volumes/T7/turtles/Portland/Mason Flats/Turtle #2123
0404,/Volumes/T7/turtles/Portland/Mason Flats/Turtle #2123b
0405,/Volumes/T7/turtles/Portland/Mason Flats/Turtle #2124
0406,/Volumes/T7/turtles/Portland/Mason Flats/Turtle #2124b
0407,/Volumes/T7/turtles/Portland/Mason Flats/Turtle #2125
0408,/Volumes/T7/turtles/Portland/Mason Flats/Turtle #2125b
0409,/Volumes/T7/turtles/Portland/Mason Flats/Turtle #2126
0410,/Volumes/T7/turtles/Portland/Mason Flats/Turtle #2126b
0411,/Volumes/T7/turtles/Portland/Mason Flats/Turtle #2127b
0412,/Volumes/T7/turtles/Portland/Mason Flats/Turtle #2128
0413,/Volumes/T7/turtles/Portland/Mason Flats/Turtle #2131
0414,/Volumes/T7/turtles/Portland/Mason Flats/Turtle #2132
0415,/Volumes/T7/turtles/Portland/Mason Flats/Turtle #2133
0416,/Volumes/T7/turtles/Portland/Mason Flats/Turtle #2134
0417,/Volumes/T7/turtles/Portland/Mason Flats/Turtle #2135
0418,/Volumes/T7/turtles/Portland/Mason Flats/Turtle #2137
0419,/Volumes/T7/turtles/Portland/Mason Flats/Turtle #2138
0420,/Volumes/T7/turtles/Portland/Mason Flats/Turtle #2139
0421,/Volumes/T7/turtles/Portland/Mason Flats/Turtle #2140
0422,/Volumes/T7/turtles/Portland/Mason Flats/Turtle #2141
0423,/Volumes/T7/turtles/Portland/Mason Flats/Turtle #2160
0424,/Volumes/T7/turtles/Portland/Mason Flats/Turtle #2160b
0425,/Volumes/T7/turtles/Portland/Mason Flats/Turtle #2161
0426,/Volumes/T7/turtles/Portland/Mason Flats/Turtle #2161b
0427,/Volumes/T7/turtles/Portland/Mason Flats/Turtle #2162
0428,/Volumes/T7/turtles/Portland/Mason Flats/Turtle #2163
0429,/Volumes/T7/turtles/Portland/Mason Flats/Turtle #2164
0430,/Volumes/T7/turtles/Portland/Mason Flats/Turtle #2164b
0431,/Volumes/T7/turtles/Portland/Mason Flats/Turtle #2165
0432,/Volumes/T7/turtles/Portland/Mason Flats/Turtle #2166
0433,/Volumes/T7/turtles/Portland/Mason Flats/Turtle #2494/Steve releasing
0434,/Volumes/T7/turtles/Portland/Mason Flats/Turtle #3209
0435,/Volumes/T7/turtles/Portland/Mason Flats/Turtle #3706
0436,/Volumes/T7/turtles/Portland/Mason Flats/Turtle #4801
0437,/Volumes/T7/turtles/Portland/Smith and Bybee/1501
0438,/Volumes/T7/turtles/Portland/Smith and Bybee/1657
0439,/Volumes/T7/turtles/Portland/Smith and Bybee/1657b
0440,/Volumes/T7/turtles/Portland/Smith and Bybee/1664
0441,/Volumes/T7/turtles/Portland/Smith and Bybee/1667
0442,/Volumes/T7/turtles/Portland/Smith and Bybee/256
0443,/Volumes/T7/turtles/Portland/Smith and Bybee/2606
0444,/Volumes/T7/turtles/Portland/Smith and Bybee/517/2000 capture Stewart
0445,/Volumes/T7/turtles/Portland/Smith and Bybee/601
0446,/Volumes/T7/turtles/Portland/Smith and Bybee/602
0447,/Volumes/T7/turtles/Portland/Smith and Bybee/606
0448,/Volumes/T7/turtles/Portland/Smith and Bybee/609
0449,/Volumes/T7/turtles/Portland/Smith and Bybee/610
0450,/Volumes/T7/turtles/Portland/Smith and Bybee/611
0451,/Volumes/T7/turtles/Portland/Smith and Bybee/612
0452,/Volumes/T7/turtles/Portland/Smith and Bybee/613
0453,/Volumes/T7/turtles/Portland/Smith and Bybee/614a
0454,/Volumes/T7/turtles/Portland/Smith and Bybee/614b
0455,/Volumes/T7/turtles/Portland/Smith and Bybee/615
0456,/Volumes/T7/turtles/Portland/Smith and Bybee/616
0457,/Volumes/T7/turtles/Portland/Smith and Bybee/617
0458,/Volumes/T7/turtles/Portland/Smith and Bybee/618
0459,/Volumes/T7/turtles/Portland/Smith and Bybee/619
0460,/Volumes/T7/turtles/Portland/Smith and Bybee/620
0461,/Volumes/T7/turtles/Portland/Smith and Bybee/621
0462,/Volumes/T7/turtles/Portland/Smith and Bybee/622
0463,/Volumes/T7/turtles/Portland/Smith and Bybee/623
0464,/Volumes/T7/turtles/Portland/Smith and Bybee/624
0465,/Volumes/T7/turtles/Portland/Smith and Bybee/625
0466,/Volumes/T7/turtles/Portland/Smith and Bybee/626
0467,/Volumes/T7/turtles/Portland/Smith and Bybee/627
0468,/Volumes/T7/turtles/Portland/Smith and Bybee/628
0469,/Volumes/T7/turtles/Portland/Smith and Bybee/629
0470,/Volumes/T7/turtles/Portland/Smith and Bybee/630
0471,/Volumes/T7/turtles/Portland/Smith and Bybee/631
0472,/Volumes/T7/turtles/Portland/Smith and Bybee/632
0473,/Volumes/T7/turtles/Portland/Smith and Bybee/633
0474,/Volumes/T7/turtles/Portland/Smith and Bybee/634
0475,/Volumes/T7/turtles/Portland/Smith and Bybee/635
0476,/Volumes/T7/turtles/Portland/Smith and Bybee/636
0477,/Volumes/T7/turtles/Portland/Smith and Bybee/637
0478,/Volumes/T7/turtles/Portland/Smith and Bybee/638
0479,/Volumes/T7/turtles/Portland/Smith and Bybee/639
0480,/Volumes/T7/turtles/Portland/Smith and Bybee/640
0481,/Volumes/T7/turtles/Portland/Smith and Bybee/642
0482,/Volumes/T7/turtles/Portland/Smith and Bybee/643
0483,/Volumes/T7/turtles/Portland/Smith and Bybee/644
0484,/Volumes/T7/turtles/Portland/Smith and Bybee/645
0485,/Volumes/T7/turtles/Portland/Smith and Bybee/646
0486,/Volumes/T7/turtles/Portland/Smith and Bybee/647
0487,/Volumes/T7/turtles/Portland/Smith and Bybee/649
0488,/Volumes/T7/turtles/Portland/Smith and Bybee/650
0489,/Volumes/T7/turtles/Portland/Smith and Bybee/651
0490,/Volumes/T7/turtles/Portland/Smith and Bybee/652
0491,/Volumes/T7/turtles/Portland/Smith and Bybee/653
0492,/Volumes/T7/turtles/Portland/Smith and Bybee/654
0493,/Volumes/T7/turtles/Portland/Smith and Bybee/655
0494,/Volumes/T7/turtles/Portland/Smith and Bybee/656
0495,/Volumes/T7/turtles/Portland/Smith and Bybee/657
0496,/Volumes/T7/turtles/Portland/Smith and Bybee/658
0497,/Volumes/T7/turtles/Portland/Smith and Bybee/659
0498,/Volumes/T7/turtles/Portland/Smith and Bybee/660
0499,/Volumes/T7/turtles/Portland/Smith and Bybee/661
0500,/Volumes/T7/turtles/Portland/Smith and Bybee/662
0501,/Volumes/T7/turtles/Portland/Smith and Bybee/663
0502,/Volumes/T7/turtles/Portland/Smith and Bybee/664
0503,/Volumes/T7/turtles/Portland/Smith and Bybee/665
0504,/Volumes/T7/turtles/Portland/Smith and Bybee/666
0505,/Volumes/T7/turtles/Portland/Smith and Bybee/667
0506,/Volumes/T7/turtles/Portland/Smith and Bybee/668
0507,/Volumes/T7/turtles/Portland/Smith and Bybee/669
0508,/Volumes/T7/turtles/Portland/Smith and Bybee/670
0509,/Volumes/T7/turtles/Portland/Smith and Bybee/671
0510,/Volumes/T7/turtles/Portland/Smith and Bybee/672
0511,/Volumes/T7/turtles/Portland/Smith and Bybee/673
0512,/Volumes/T7/turtles/Portland/Smith and Bybee/674
0513,/Volumes/T7/turtles/Portland/Smith and Bybee/675
0514,/Volumes/T7/turtles/Portland/Smith and Bybee/676
0515,/Volumes/T7/turtles/Portland/Smith and Bybee/677
0516,/Volumes/T7/turtles/Portland/Smith and Bybee/678
0517,/Volumes/T7/turtles/Portland/Smith and Bybee/679
0518,/Volumes/T7/turtles/Portland/Smith and Bybee/680
0519,/Volumes/T7/turtles/Portland/Smith and Bybee/681
0520,/Volumes/T7/turtles/Portland/Smith and Bybee/682
0521,/Volumes/T7/turtles/Portland/Smith and Bybee/683
0522,/Volumes/T7/turtles/Portland/Smith and Bybee/684
0523,/Volumes/T7/turtles/Portland/Smith and Bybee/685
0524,/Volumes/T7/turtles/Portland/Smith and Bybee/686
0525,/Volumes/T7/turtles/Portland/Smith and Bybee/687
0526,/Volumes/T7/turtles/Portland/Smith and Bybee/688
0527,/Volumes/T7/turtles/Portland/Smith and Bybee/689
0528,/Volumes/T7/turtles/Portland/Smith and Bybee/690
0529,/Volumes/T7/turtles/Portland/Smith and Bybee/691
0530,/Volumes/T7/turtles/Portland/Smith and Bybee/692
0531,/Volumes/T7/turtles/Portland/Smith and Bybee/693
0532,/Volumes/T7/turtles/Portland/Smith and Bybee/694
0533,/Volumes/T7/turtles/Portland/Smith and Bybee/695
0534,/Volumes/T7/turtles/Portland/Smith and Bybee/696
0535,/Volumes/T7/turtles/Portland/Smith and Bybee/697
0536,/Volumes/T7/turtles/Portland/Smith and Bybee/698
0537,/Volumes/T7/turtles/Portland/Smith and Bybee/699
0538,/Volumes/T7/turtles/Portland/Smith and Bybee/700
0539,/Volumes/T7/turtles/Portland/Smith and Bybee/701
0540,/Volumes/T7/turtles/Portland/Smith and Bybee/702
0541,/Volumes/T7/turtles/Portland/Smith and Bybee/703
0542,/Volumes/T7/turtles/Portland/Smith and Bybee/704
0543,/Volumes/T7/turtles/Portland/Smith and Bybee/705
0544,/Volumes/T7/turtles/Portland/Smith and Bybee/706
0545,/Volumes/T7/turtles/Portland/Smith and Bybee/707
0546,/Volumes/T7/turtles/Portland/Smith and Bybee/708
0547,/Volumes/T7/turtles/Portland/Smith and Bybee/709
0548,/Volumes/T7/turtles/Portland/Smith and Bybee/710
0549,/Volumes/T7/turtles/Portland/Smith and Bybee/711
0550,/Volumes/T7/turtles/Portland/Smith and Bybee/712
0551,/Volumes/T7/turtles/Portland/Smith and Bybee/713
0552,/Volumes/T7/turtles/Portland/Smith and Bybee/714
0553,/Volumes/T7/turtles/Portland/Smith and Bybee/715
0554,/Volumes/T7/turtles/Portland/Smith and Bybee/716
0555,/Volumes/T7/turtles/Portland/Smith and Bybee/717
0556,/Volumes/T7/turtles/Portland/Smith and Bybee/718
0557,/Volumes/T7/turtles/Portland/Smith and Bybee/719
0558,/Volumes/T7/turtles/Portland/Smith and Bybee/720
0559,/Volumes/T7/turtles/Portland/Smith and Bybee/721
0560,/Volumes/T7/turtles/Portland/Smith and Bybee/731
0561,/Volumes/T7/turtles/Portland/Smith and Bybee/731b
0562,/Volumes/T7/turtles/Portland/Smith and Bybee/732
0563,/Volumes/T7/turtles/Portland/Smith and Bybee/732b
0564,/Volumes/T7/turtles/Portland/Smith and Bybee/733
0565,/Volumes/T7/turtles/Portland/Smith and Bybee/733b
0566,/Volumes/T7/turtles/Portland/Smith and Bybee/734
0567,/Volumes/T7/turtles/Portland/Smith and Bybee/734b
0568,/Volumes/T7/turtles/Portland/Smith and Bybee/735
0569,/Volumes/T7/turtles/Portland/Smith and Bybee/735b
0570,/Volumes/T7/turtles/Portland/Smith and Bybee/736
0571,/Volumes/T7/turtles/Portland/Smith and Bybee/736b
0572,/Volumes/T7/turtles/Portland/Smith and Bybee/737
0573,/Volumes/T7/turtles/Portland/Smith and Bybee/737b
0574,/Volumes/T7/turtles/Portland/Smith and Bybee/738
0575,/Volumes/T7/turtles/Portland/Smith and Bybee/738b
0576,/Volumes/T7/turtles/Portland/Smith and Bybee/739
0577,/Volumes/T7/turtles/Portland/Smith and Bybee/739b
0578,/Volumes/T7/turtles/Portland/Smith and Bybee/740
0579,/Volumes/T7/turtles/Portland/Smith and Bybee/740b
0580,/Volumes/T7/turtles/Portland/Smith and Bybee/741
0581,/Volumes/T7/turtles/Portland/Smith and Bybee/741b
0582,/Volumes/T7/turtles/Portland/Smith and Bybee/742
0583,/Volumes/T7/turtles/Portland/Smith and Bybee/742b
0584,/Volumes/T7/turtles/Portland/Smith and Bybee/743
0585,/Volumes/T7/turtles/Portland/Smith and Bybee/743b
0586,/Volumes/T7/turtles/Portland/Smith and Bybee/744
0587,/Volumes/T7/turtles/Portland/Smith and Bybee/744b
0588,/Volumes/T7/turtles/Portland/Smith and Bybee/745
0589,/Volumes/T7/turtles/Portland/Smith and Bybee/745b
0590,/Volumes/T7/turtles/Portland/Smith and Bybee/746
0591,/Volumes/T7/turtles/Portland/Smith and Bybee/746b
0592,/Volumes/T7/turtles/Portland/Smith and Bybee/747
0593,/Volumes/T7/turtles/Portland/Smith and Bybee/747b
0594,/Volumes/T7/turtles/Portland/Smith and Bybee/748
0595,/Volumes/T7/turtles/Portland/Smith and Bybee/748b
0596,/Volumes/T7/turtles/Portland/Smith and Bybee/749
0597,/Volumes/T7/turtles/Portland/Smith and Bybee/749b
0598,/Volumes/T7/turtles/Portland/Smith and Bybee/750
0599,/Volumes/T7/turtles/Portland/Smith and Bybee/750b
0600,/Volumes/T7/turtles/Portland/Smith and Bybee/751
0601,/Volumes/T7/turtles/Portland/Smith and Bybee/751b
0602,/Volumes/T7/turtles/Portland/Smith and Bybee/752
0603,/Volumes/T7/turtles/Portland/Smith and Bybee/752b
0604,/Volumes/T7/turtles/Portland/Smith and Bybee/753
0605,/Volumes/T7/turtles/Portland/Smith and Bybee/753b
0606,/Volumes/T7/turtles/Portland/Smith and Bybee/754
0607,/Volumes/T7/turtles/Portland/Smith and Bybee/754b
0608,/Volumes/T7/turtles/Portland/Smith and Bybee/755
0609,/Volumes/T7/turtles/Portland/Smith and Bybee/755b
0610,/Volumes/T7/turtles/Portland/Smith and Bybee/756
0611,/Volumes/T7/turtles/Portland/Smith and Bybee/756b
0612,/Volumes/T7/turtles/Portland/Smith and Bybee/757
0613,/Volumes/T7/turtles/Portland/Smith and Bybee/757b
0614,/Volumes/T7/turtles/Portland/Smith and Bybee/758
0615,/Volumes/T7/turtles/Portland/Smith and Bybee/758b
0616,/Volumes/T7/turtles/Portland/Smith and Bybee/759
0617,/Volumes/T7/turtles/Portland/Smith and Bybee/760
0618,/Volumes/T7/turtles/Portland/Smith and Bybee/761
0619,/Volumes/T7/turtles/Portland/Smith and Bybee/762
0620,/Volumes/T7/turtles/Portland/Smith and Bybee/763
0621,/Volumes/T7/turtles/Portland/Smith and Bybee/764
0622,/Volumes/T7/turtles/Portland/Smith and Bybee/765
0623,/Volumes/T7/turtles/Portland/Smith and Bybee/766
0624,/Volumes/T7/turtles/Portland/Smith and Bybee/767
0625,/Volumes/T7/turtles/Portland/Smith and Bybee/768
0626,/Volumes/T7/turtles/Portland/Smith and Bybee/769
0627,/Volumes/T7/turtles/Portland/Smith and Bybee/770
0628,/Volumes/T7/turtles/Portland/Smith and Bybee/771
0629,/Volumes/T7/turtles/Portland/Smith and Bybee/772
0630,/Volumes/T7/turtles/Portland/Smith and Bybee/773
0631,/Volumes/T7/turtles/Portland/Smith and Bybee/774
0632,/Volumes/T7/turtles/Portland/Smith and Bybee/775
0633,/Volumes/T7/turtles/Portland/Smith and Bybee/776
0634,/Volumes/T7/turtles/Portland/Smith and Bybee/777
0635,/Volumes/T7/turtles/Portland/Smith and Bybee/778
0636,/Volumes/T7/turtles/Portland/Smith and Bybee/779
0637,/Volumes/T7/turtles/Portland/Smith and Bybee/780
0638,/Volumes/T7/turtles/Portland/Smith and Bybee/781
0639,/Volumes/T7/turtles/Portland/Smith and Bybee/782
0640,/Volumes/T7/turtles/Portland/Smith and Bybee/783
0641,/Volumes/T7/turtles/Portland/Smith and Bybee/784
0642,/Volumes/T7/turtles/Portland/Smith and Bybee/785
0643,/Volumes/T7/turtles/Portland/Smith and Bybee/786
0644,/Volumes/T7/turtles/Portland/Smith and Bybee/787
0645,/Volumes/T7/turtles/Portland/Smith and Bybee/788
0646,/Volumes/T7/turtles/Portland/Smith and Bybee/789
0647,/Volumes/T7/turtles/Portland/Smith and Bybee/790
0648,/Volumes/T7/turtles/Portland/Smith and Bybee/791
0649,/Volumes/T7/turtles/Portland/Smith and Bybee/848
0650,/Volumes/T7/turtles/Portland/Smith and Bybee/Shells
0651,/Volumes/T7/turtles/Portland/Smith and Bybee/Unicorn
0652,/Volumes/T7/turtles/Portland/Whitaker/1009
0653,/Volumes/T7/turtles/Portland/Whitaker/1801
0654,/Volumes/T7/turtles/Portland/Whitaker/1802
0655,/Volumes/T7/turtles/Portland/Whitaker/1803
0656,/Volumes/T7/turtles/Portland/Whitaker/1804
0657,/Volumes/T7/turtles/Portland/Whitaker/1805
0658,/Volumes/T7/turtles/Portland/Whitaker/1806
0659,/Volumes/T7/turtles/Portland/Whitaker/1807
0660,/Volumes/T7/turtles/Portland/Whitaker/1808
0661,/Volumes/T7/turtles/Portland/Whitaker/1809
0662,/Volumes/T7/turtles/Portland/Whitaker/1810
0663,/Volumes/T7/turtles/Portland/Whitaker/1811
0664,/Volumes/T7/turtles/Portland/Whitaker/1812
0665,/Volumes/T7/turtles/Portland/Whitaker/1813
0666,/Volumes/T7/turtles/Portland/Whitaker/1814
0667,/Volumes/T7/turtles/Portland/Whitaker/1815
0668,/Volumes/T7/turtles/Portland/Whitaker/1816
0669,/Volumes/T7/turtles/Portland/Whitaker/1817
0670,/Volumes/T7/turtles/Portland/Whitaker/1818
0671,/Volumes/T7/turtles/Portland/Whitaker/1819
0672,/Volumes/T7/turtles/Portland/Whitaker/1820
0673,/Volumes/T7/turtles/Portland/Whitaker/1821
0674,/Volumes/T7/turtles/Portland/Whitaker/1822
0675,/Volumes/T7/turtles/Portland/Whitaker/1823
0676,/Volumes/T7/turtles/Portland/Whitaker/1824
0677,/Volumes/T7/turtles/Portland/Whitaker/1827
0678,/Volumes/T7/turtles/Portland/Whitaker/1828
0679,/Volumes/T7/turtles/Portland/Whitaker/1829
0680,/Volumes/T7/turtles/Portland/Whitaker/1830
0681,/Volumes/T7/turtles/Portland/Whitaker/1831
0682,/Volumes/T7/turtles/Portland/Whitaker/1832
0683,/Volumes/T7/turtles/Portland/Whitaker/1833
0684,/Volumes/T7/turtles/Portland/Whitaker/1834
0685,/Volumes/T7/turtles/Portland/Whitaker/1835
0686,/Volumes/T7/turtles/Portland/Whitaker/1836
0687,/Volumes/T7/turtles/Portland/Whitaker/1837
0688,/Volumes/T7/turtles/Portland/Whitaker/1838
0689,/Volumes/T7/turtles/Portland/Whitaker/1839
0690,/Volumes/T7/turtles/Portland/Whitaker/1840
0691,/Volumes/T7/turtles/Portland/Whitaker/1841
0692,/Volumes/T7/turtles/Portland/Whitaker/1842
0693,/Volumes/T7/turtles/Portland/Whitaker/1843
0694,/Volumes/T7/turtles/Portland/Whitaker/1844
0695,/Volumes/T7/turtles/Portland/Whitaker/1845
0696,/Volumes/T7/turtles/Portland/Whitaker/1845b
0697,/Volumes/T7/turtles/Portland/Whitaker/1847
0698,/Volumes/T7/turtles/Portland/Whitaker/1848
0699,/Volumes/T7/turtles/Portland/Whitaker/1849
0700,/Volumes/T7/turtles/Portland/Whitaker/1850
0701,/Volumes/T7/turtles/Portland/Whitaker/1851
0702,/Volumes/T7/turtles/Portland/Whitaker/1852
0703,/Volumes/T7/turtles/Portland/Whitaker/1853
0704,/Volumes/T7/turtles/Portland/Whitaker/1854
0705,/Volumes/T7/turtles/Portland/Whitaker/1855
0706,/Volumes/T7/turtles/Portland/Whitaker/1856
0707,/Volumes/T7/turtles/Portland/Whitaker/1857
0708,/Volumes/T7/turtles/Portland/Whitaker/1858
0709,/Volumes/T7/turtles/Portland/Whitaker/1859
0710,/Volumes/T7/turtles/Portland/Whitaker/1860
0711,/Volumes/T7/turtles/Portland/Whitaker/1861
0712,/Volumes/T7/turtles/Portland/Whitaker/1866
